0.000000	-0.052035	0.144812	-0.085551	-0.103352	-0.098669	0.009098	-0.017501	0.079929	0.074987	-1.266567	0.050215	-0.050763	-0.078446	0.197878	0.016723	0.060236	-0.080734	0.054557	0.010458	0.046021	0.001252	0.203577	0.154188	0.003496	-0.177362	-0.030011	0.010212	-0.068254	-0.010747	-0.076767	-0.055614	0.250192	-0.136372	0.021269	-0.808753	0.085968	0.004725	-0.001163	-0.043400	0.032099	0.043194	-0.153313	-0.081112	0.134148	0.091702	0.085762	0.193525	0.122772	-0.061954	0.119393	0.085194	-0.139610	0.024256	-0.050105	-0.142192	0.212453	0.005339	0.158879	0.138613	0.000994	0.128478	-0.049964	0.195284	0.111800	-0.053731	-0.288563	0.088228	0.033714	0.081774	-0.025935	0.057434	0.025347	-0.000064	0.131570	-0.031682	-0.041660	0.127456	0.129857	-0.140210	-0.091722	-0.088407	-0.010472	0.221160	0.018493	0.046453	0.043611	-0.106575	0.156495	0.008480	0.068038	-0.063912	0.159051	-0.199472	-0.146011	0.011242	0.106093	-0.254336	-0.026069	-0.051826	-0.147719	0.017341	-0.029281	-0.061762	-0.052658	-0.082811	-0.085849	0.077100	0.134849	-0.195946	0.117962	-0.009226	-0.130091	-0.093702	-0.267260	0.120348	0.045699	-0.127513	-0.040959	0.043981	-0.147871	-0.025757	-0.149453	0.122079	0.096849	-0.074483	-0.008911	0.080632	0.134312	0.048672	0.090515	0.057312	0.081054	0.048755	0.051552	-0.009058	-0.023774	-0.016663	-0.054415	-0.048464	0.216186	-0.067654	0.093278	0.035848	0.141014	-0.340502	-0.069633	-0.037082	0.014757	-0.074714	-0.014425	0.026636	-0.009235	0.086680	0.058260	0.130525	-0.060300	-0.084708	-0.085444	0.079108	-0.102953	0.087690	-0.098977	-0.040378	-0.051587	-0.017092	0.129952	-0.030192	0.061837	0.072700	-0.001321	0.005243	-0.001496	-0.397127	0.007737	0.008281	0.046567	-0.045186	0.093004	0.087694	0.220589	0.127015	0.145942	0.105313	-0.070560	-0.045413	-0.080414	-0.078347	0.136521	0.080365	0.077103	-0.032908	0.175327	0.036306	-0.070306	0.024009	-0.100393	-0.075244	0.007478	0.094330	-0.107485	0.867445	-0.066021	0.077957	0.092057	0.036718	0.032215	0.011535	0.100204	-0.012216	-0.127002	-0.143330	0.010893	0.033202	0.065740	-0.030418	0.090304	0.088119	-0.010222	0.015676	0.024566	0.242466	-0.071832	-0.198506	0.072566	0.008659	-0.004058	0.115876	0.036353	-0.033381	-0.051876	-0.032695	0.061405	-0.061507	-0.132959	0.117197	0.108000	0.072545	0.081263	-0.099446	0.077060	-0.077620	0.028100	0.169790	0.063761	-0.480739	-0.092908	0.170233	-0.021046	-0.094959	-0.071927	0.087879	-0.120818	-0.077743	0.100561	0.226572	0.057349	-0.012322	-0.042647	0.035412	-0.007393	0.002313	-0.145266	0.022376	-0.062098	-0.041195	-0.060721	-0.037364	-0.029828	0.118166	0.096456	-0.085566	-0.153030	0.128116	0.148681	0.032198	0.067649	-1.709152	0.024867	0.122556	0.032986	-0.180201	0.018310	0.009673	0.019412	-0.108817	0.160298	0.072170	0.067751	-0.030565	-0.068851	-0.010718	-0.174612	0.039071	-0.012876	0.092810	-0.091223	0.111517	-0.270293	-0.072521	0.143108
0.000000	-0.141848	0.108194	-0.069367	-0.129246	-0.057405	-0.031098	-0.015010	-0.059800	0.060482	-1.495472	0.025176	-0.040088	-0.077179	0.109466	0.028211	0.098572	-0.088362	-0.016302	-0.013366	-0.062680	0.076237	0.187947	0.130968	0.017351	-0.271044	-0.070784	0.017788	-0.041489	-0.012270	-0.081095	-0.051390	0.234747	-0.102634	-0.013482	-1.028347	0.049591	-0.049964	0.033715	-0.046807	0.018074	0.029713	-0.156073	-0.120807	0.084339	0.117489	0.066183	0.189180	0.218589	-0.101252	0.071231	0.094489	-0.165108	0.020947	-0.073475	-0.134438	0.247591	0.001522	0.221180	0.134965	-0.066057	0.129341	-0.012194	0.159857	0.048986	-0.083285	-0.367355	0.091309	-0.034752	0.037018	-0.055681	0.100743	-0.026007	0.026380	0.138025	-0.027705	0.003717	0.073608	0.090808	-0.161994	-0.049907	-0.115419	0.038244	0.220663	0.068393	0.051201	0.048897	-0.160625	0.164589	0.012647	0.114836	-0.199163	0.119088	-0.247274	-0.144950	0.029355	0.071355	-0.284972	-0.018922	0.077128	-0.256295	0.055096	-0.019823	-0.064307	-0.081362	-0.036076	-0.081912	0.207925	0.075998	-0.148920	0.112489	-0.039456	-0.110333	-0.073272	-0.236518	0.067663	0.151465	-0.118877	0.002701	0.062402	-0.174884	-0.101328	-0.092273	0.055990	0.168412	-0.026277	-0.072377	0.095662	0.103687	0.065346	0.082665	0.117798	0.059778	0.093062	-0.002755	-0.056005	0.120574	-0.000726	-0.063379	0.013732	0.117899	-0.071944	0.075312	0.069460	0.167100	-0.403511	-0.104230	0.015883	0.023516	-0.113680	0.007031	0.127812	-0.003794	0.064782	-0.054310	0.218527	0.046623	-0.017467	-0.058949	0.073467	-0.102880	0.086890	-0.187014	-0.020529	-0.031977	-0.002999	0.141941	-0.041007	0.135392	0.044852	0.108588	0.001188	0.052680	-0.508112	-0.012562	0.010207	-0.017251	-0.041312	0.126629	0.067136	0.303241	0.124279	0.064595	0.133914	-0.012289	-0.098475	-0.022351	-0.077352	0.117628	0.053876	0.109866	-0.060625	0.111370	0.083321	-0.099830	-0.011615	-0.199988	-0.040958	0.013939	0.039656	-0.110686	0.967545	-0.088894	0.057536	0.087577	0.073637	0.034642	0.003721	0.070677	-0.045598	-0.176959	-0.155917	-0.077337	0.043094	0.038156	-0.030361	0.021174	-0.003351	0.069290	0.009693	0.035336	0.200829	-0.077685	-0.167619	0.125394	0.000290	0.022749	0.116437	-0.000913	0.025743	-0.065026	0.005251	0.047468	-0.000492	-0.204547	0.113878	0.069621	0.030247	0.089176	-0.060468	0.075046	-0.041190	0.048075	0.254372	0.082386	-0.402438	-0.014228	0.174770	-0.014188	-0.023739	-0.101868	0.058198	-0.086822	-0.015173	-0.006504	0.353258	0.107175	-0.035304	-0.091738	0.082437	0.037127	-0.002685	-0.139933	0.027365	0.035521	-0.067626	0.027886	-0.017748	-0.076299	0.074486	0.126816	-0.006428	-0.150929	0.133121	0.047028	0.049485	0.011243	-1.961251	-0.017846	0.298615	0.026248	-0.183339	0.027367	0.013110	-0.022144	-0.070085	0.182530	0.070891	0.053468	-0.023279	-0.006144	-0.015495	-0.198493	0.025511	-0.020396	0.150732	-0.067178	0.005592	-0.222829	-0.160746	0.063008
0.000000	-0.113938	0.115660	-0.029407	-0.094268	-0.049824	0.016890	-0.019603	0.040129	0.082845	-1.573175	0.040793	-0.069065	-0.111490	0.115210	-0.027650	0.074402	-0.086001	-0.052580	-0.019881	-0.027042	0.045676	0.235017	0.209995	0.024799	-0.235175	-0.018845	0.004305	-0.045351	-0.026565	-0.004675	0.004235	0.251989	-0.176744	0.006761	-0.951723	0.038214	0.025739	0.022728	-0.029702	-0.063311	0.004427	-0.182906	-0.101962	0.062427	0.038058	0.090127	0.166098	0.111426	-0.089867	0.078601	0.086380	-0.157642	0.037146	-0.058470	-0.159700	0.256180	0.028510	0.187552	0.110562	-0.020285	0.115348	-0.005404	0.175768	0.076180	-0.095378	-0.350850	0.053813	0.048572	-0.036627	-0.041430	0.077593	0.010573	-0.036793	0.110661	0.049058	-0.023833	0.081035	0.139631	-0.182797	-0.069305	-0.135544	-0.024631	0.192265	0.044416	0.073299	0.047215	-0.114522	0.141061	0.037738	0.103722	-0.199786	0.156824	-0.248647	-0.106951	0.008694	0.064512	-0.257800	-0.027890	0.023327	-0.228432	0.030274	-0.016679	-0.053458	-0.047195	-0.028272	-0.048956	0.137745	0.091605	-0.199980	0.112203	-0.031944	-0.120450	-0.076672	-0.231050	0.064246	0.147787	-0.099605	0.001702	0.036265	-0.206961	-0.075037	-0.125632	0.077986	0.159050	-0.030141	-0.039470	0.036128	0.093050	0.078488	0.062547	0.071666	0.062614	0.072735	0.011527	-0.055990	0.036917	0.001574	-0.060787	-0.022295	0.169377	-0.125490	0.112036	0.050374	0.165381	-0.384651	-0.047452	0.015180	0.034987	-0.063638	0.015263	0.102392	-0.018055	0.124583	0.009969	0.199535	0.002055	-0.081515	-0.084093	0.092895	-0.125174	0.109694	-0.177855	-0.005631	-0.038277	-0.048502	0.145256	-0.002824	0.102628	0.035225	0.104815	0.016147	0.031995	-0.453444	0.036678	-0.026610	0.034580	-0.061624	0.122185	0.048942	0.302014	0.078060	0.092226	0.103945	-0.045199	-0.057146	0.008954	-0.137026	0.119402	0.100682	0.064551	-0.052904	0.106712	0.025779	-0.117453	0.051570	-0.121798	-0.059678	0.048362	0.038475	-0.115057	0.885876	-0.100413	0.074609	0.133884	0.101762	0.038053	-0.008120	0.084324	-0.035490	-0.181592	-0.136291	-0.051393	0.061044	0.037587	0.028365	0.060820	0.083811	0.090507	0.006623	0.030731	0.259661	-0.023054	-0.167599	0.049489	0.011608	0.007776	0.164060	0.013827	-0.022265	-0.082821	-0.018940	0.044078	-0.024287	-0.135333	0.063827	0.108049	0.054958	0.037086	-0.103283	0.055465	-0.053239	0.070509	0.263902	0.080707	-0.502830	-0.068658	0.148416	0.012584	-0.023351	0.019371	0.066548	-0.122026	-0.026057	0.021706	0.325108	0.070395	-0.050047	-0.103456	0.053084	0.037836	-0.034706	-0.161387	0.020641	-0.002249	-0.030851	0.027256	-0.056327	-0.074525	0.097351	0.121052	-0.028554	-0.076903	0.088157	0.092914	0.056601	0.044015	-1.990577	-0.006522	0.300744	0.023407	-0.156675	0.000998	0.084892	-0.020537	-0.044608	0.133864	0.058923	0.103444	-0.020249	-0.046982	-0.035240	-0.201089	0.013532	0.000260	0.074994	-0.022073	0.010497	-0.242344	-0.115690	0.056359
0.000000	-0.135422	0.163746	-0.119023	-0.105075	-0.069039	0.036599	-0.003539	-0.038025	0.045923	-1.642738	0.108799	-0.120691	-0.035873	0.079216	0.029470	0.165590	-0.125499	-0.064423	0.006494	-0.013088	0.150060	0.222939	0.214969	-0.009391	-0.270748	-0.047963	0.053549	-0.081841	0.002405	-0.029823	0.021887	0.238173	-0.089431	-0.016132	-1.028596	0.055609	-0.100717	-0.002196	-0.075254	-0.014296	-0.039048	-0.193255	-0.058227	0.060095	0.050769	0.124868	0.202334	0.101179	-0.077224	0.069819	0.054330	-0.170701	0.003847	-0.073365	-0.134220	0.278322	-0.009967	0.208463	0.086425	-0.006780	0.193433	-0.002574	0.121357	0.185917	-0.072843	-0.363917	0.086355	0.019765	0.051926	-0.086994	0.094683	-0.040920	-0.044176	0.185578	0.038602	-0.030740	0.057363	0.137420	-0.145035	-0.073329	-0.104211	0.021985	0.280725	0.014455	0.030945	0.102558	-0.199657	0.214628	0.045939	0.097469	-0.247325	0.172818	-0.267436	-0.163593	-0.035914	0.034758	-0.276129	-0.047012	0.057841	-0.323293	0.075826	-0.052451	-0.121114	-0.011921	-0.010337	-0.034762	0.219315	0.087770	-0.118051	0.164007	-0.050441	-0.178181	-0.120038	-0.243022	0.111476	0.149984	-0.155238	-0.036849	0.061670	-0.222764	-0.059869	-0.094435	0.119701	0.039530	-0.030138	-0.085631	0.098266	0.109924	0.116840	0.052142	0.167270	0.056657	0.136165	-0.014614	-0.064040	0.069995	0.054899	-0.054935	-0.033483	0.155185	-0.001454	0.055725	0.078221	0.178971	-0.397078	-0.060399	0.034459	0.013914	-0.142617	-0.018181	0.053286	0.018542	0.063779	-0.015520	0.205787	0.042453	-0.037344	-0.104410	0.086716	-0.086118	0.132178	-0.202686	0.004700	-0.084738	-0.000749	0.112780	-0.018791	0.133302	0.073673	0.066137	-0.004791	0.035507	-0.474364	-0.067628	-0.021230	0.057352	-0.030360	0.116410	-0.010208	0.276755	0.109704	0.122926	0.185803	0.070982	-0.063954	-0.004567	-0.130332	0.184147	0.162011	0.116073	-0.115770	0.097468	0.087318	-0.108699	0.012102	-0.139168	-0.071899	0.031366	0.074628	-0.119549	1.107816	-0.089243	0.085538	0.112990	0.057799	-0.013682	0.051946	0.120034	-0.041231	-0.179365	-0.170559	-0.038923	0.063119	-0.002582	-0.015881	0.065555	0.077843	0.117142	0.019114	-0.005814	0.247064	-0.077994	-0.163513	0.034084	0.012042	-0.003153	0.142745	0.027578	-0.003170	-0.066807	-0.009984	-0.012684	-0.008197	-0.235585	0.016793	0.107768	0.061056	0.041165	-0.114179	0.055997	0.006190	0.009009	0.252111	0.109928	-0.410886	-0.051764	0.164311	-0.021325	-0.044855	-0.036132	0.152798	-0.094238	-0.062866	0.056930	0.474793	0.052965	-0.009049	-0.104326	0.054323	-0.037159	0.009867	-0.203347	0.026642	0.054152	-0.092689	0.008387	-0.058293	-0.099427	0.042674	0.097320	-0.037633	-0.109944	0.108424	0.101660	0.066545	0.007173	-2.057756	-0.029479	0.349389	0.030751	-0.213144	0.049388	0.036910	0.063884	-0.133219	0.193277	0.057064	0.114141	-0.056635	-0.097092	-0.003892	-0.208443	-0.002821	-0.017943	0.067941	0.005136	0.091685	-0.228727	-0.099730	0.148033
1.000000	-0.127890	0.130881	-0.017973	-0.109730	-0.060875	0.037525	-0.032811	0.082733	0.074429	-1.462582	0.044659	-0.021287	-0.055973	0.177213	0.016473	0.045693	-0.172474	0.008026	0.013082	-0.045312	0.008472	0.191549	0.187173	0.084625	-0.184009	-0.045840	0.028287	-0.057399	-0.040613	0.015441	-0.012707	0.235685	-0.212923	0.013571	-0.886916	0.102224	-0.004883	0.014348	-0.110308	-0.026832	0.021732	-0.105470	-0.089012	0.085848	0.053600	0.085230	0.186401	0.105232	-0.085407	0.072322	0.083968	-0.133819	0.038342	-0.043951	-0.085246	0.177423	-0.044951	0.143820	0.143595	-0.015915	0.096980	-0.025606	0.194009	0.016964	-0.054397	-0.327005	0.090523	0.033825	0.014415	-0.018904	0.066244	0.044367	0.026464	0.069537	-0.084014	-0.000383	0.112582	0.081467	-0.149114	-0.093681	-0.116845	-0.080170	0.112087	0.020570	0.073502	0.057420	-0.101045	0.152736	0.023710	0.111210	-0.089750	0.150181	-0.189817	-0.160163	-0.004087	0.036836	-0.211036	0.010156	-0.005853	-0.250504	0.004734	0.031009	-0.070517	-0.092246	-0.115066	-0.025007	0.122284	0.085294	-0.148852	0.115684	-0.049905	-0.196527	-0.073380	-0.187490	0.096528	0.116731	-0.082185	0.058748	0.007681	-0.196156	-0.049213	-0.110711	0.109689	0.166992	-0.020303	-0.008549	0.101944	0.154535	0.062377	0.040922	0.015079	0.111602	0.064717	-0.006337	-0.039887	-0.007996	-0.042917	-0.004718	-0.010238	0.159930	-0.112999	0.108986	0.026651	0.144531	-0.351285	-0.064263	-0.036102	0.004243	-0.070940	0.053562	0.136517	-0.045466	0.083633	-0.008681	0.232478	-0.001429	-0.102927	-0.016813	0.067480	-0.074951	0.070719	-0.128014	-0.027190	-0.081619	-0.011837	0.109473	-0.018533	0.067167	0.069106	0.090076	0.047653	0.059666	-0.489882	0.069387	-0.038574	-0.023933	-0.091384	0.077004	0.033602	0.269528	0.060227	0.057823	0.120928	-0.051248	-0.021553	-0.038610	-0.018210	0.075540	0.049407	0.108611	-0.011753	0.175942	0.028460	-0.045125	0.023811	-0.138142	-0.063120	-0.044628	0.018223	-0.058583	0.913841	-0.090855	0.059315	0.069295	0.052258	0.008214	-0.054509	0.052806	-0.030634	-0.174065	-0.092302	-0.063893	0.078445	-0.027444	0.012645	0.058895	0.060322	0.029312	-0.045591	0.003569	0.253642	-0.068380	-0.148613	0.074298	-0.026861	-0.016682	0.097646	0.021999	-0.004075	-0.022134	0.028635	0.065179	-0.036143	-0.107608	0.169602	0.135363	0.074318	0.037104	-0.114730	0.088624	-0.017193	0.018787	0.277384	0.083203	-0.556005	-0.084079	0.161286	0.040802	-0.059068	-0.027070	0.071719	-0.102252	-0.019905	-0.006028	0.201887	0.054605	-0.022196	-0.108614	0.065198	0.089237	0.020732	-0.106633	0.056254	0.000506	-0.022286	-0.041393	-0.030179	-0.033731	0.167541	0.104669	-0.012341	-0.061061	0.088386	0.088325	0.036449	0.082000	-1.853235	-0.002340	0.258287	0.044349	-0.173822	-0.004365	0.020565	-0.005641	-0.077990	0.187305	-0.021989	0.098534	-0.019229	-0.023532	-0.012211	-0.206881	-0.048636	0.040940	0.143331	0.061887	0.004827	-0.207883	-0.075487	0.074356
0.000000	-0.014511	0.096792	-0.028658	-0.171442	-0.042967	-0.005629	-0.049095	-0.013258	0.084746	-1.315703	0.089800	-0.035932	-0.086043	0.179194	-0.023701	0.116195	-0.118609	0.054397	-0.013890	0.068017	0.022913	0.215381	0.154355	0.026172	-0.180980	-0.069774	0.008515	-0.101496	-0.026475	-0.071064	-0.069667	0.239463	-0.183327	0.049874	-0.869975	0.128759	-0.045045	0.034123	-0.045681	0.041716	0.045191	-0.196260	-0.010979	0.059127	0.156929	0.093732	0.207908	0.156421	-0.114865	0.100173	0.076086	-0.147260	0.038717	-0.043599	-0.141897	0.168860	0.003045	0.146505	0.151846	-0.020234	0.141195	-0.048979	0.139718	0.072248	-0.064302	-0.316006	0.078435	0.038545	0.059083	-0.068861	0.091121	0.039490	-0.022165	0.113068	-0.059896	-0.003554	0.171615	0.114374	-0.182210	-0.070030	-0.082829	-0.013907	0.221019	0.054874	0.052004	0.048411	-0.118537	0.192564	0.024741	0.081130	-0.116553	0.144178	-0.187784	-0.137109	-0.030495	0.035063	-0.223736	-0.027654	-0.002766	-0.181545	0.067442	-0.004425	-0.026908	-0.115062	-0.140757	-0.081929	0.064290	0.170243	-0.196370	0.099406	0.000075	-0.102099	-0.089980	-0.264843	0.096920	0.077246	-0.164957	0.050821	0.065488	-0.166221	-0.060450	-0.162312	0.098555	0.137943	-0.051178	-0.062141	0.033275	0.152902	0.052759	0.112895	0.090298	0.065823	0.080013	0.013806	-0.066853	0.028514	-0.019423	-0.009551	-0.056763	0.202534	-0.039994	0.111850	0.016441	0.131349	-0.328798	-0.063086	-0.001275	0.043287	-0.074406	-0.036907	-0.018594	0.008713	0.018356	-0.011807	0.160339	-0.034897	-0.026762	-0.060842	0.076347	-0.063611	0.097225	-0.163417	-0.019578	-0.057310	-0.000759	0.102027	-0.014776	0.107865	0.101334	0.021756	0.043861	0.031460	-0.445813	0.001004	-0.035924	0.062963	-0.041346	0.082668	0.069800	0.171045	0.145855	0.150848	0.137546	-0.031260	-0.023280	-0.109540	-0.057700	0.090467	0.080276	0.091882	-0.051952	0.126090	0.021003	-0.102098	0.027965	-0.120847	-0.119841	0.017880	0.037369	-0.048726	0.875267	-0.090244	0.114801	0.071086	0.067516	0.050218	0.008334	0.127546	-0.038902	-0.128466	-0.123007	0.024177	0.050006	0.034416	0.039269	0.081853	0.099212	-0.054001	0.002747	0.014327	0.242616	-0.069641	-0.216820	0.059432	0.004140	0.014351	0.147170	0.000489	-0.007003	-0.035221	-0.013514	0.013957	-0.042147	-0.182353	0.108207	0.130015	0.093340	0.040010	-0.150284	0.082052	-0.065055	0.084188	0.156574	0.121532	-0.461498	-0.086749	0.169087	0.015117	-0.056904	-0.108131	0.114379	-0.160401	-0.010500	0.022032	0.301630	0.102738	-0.002857	-0.118451	0.076331	0.044129	-0.010441	-0.126640	0.043991	-0.031511	-0.042161	0.027262	-0.098120	-0.059049	0.117591	0.103981	-0.072273	-0.168689	0.111511	0.161479	0.060098	0.056100	-1.702562	-0.000299	0.217234	0.048370	-0.166474	-0.006181	0.022149	-0.000207	-0.045168	0.179199	-0.001268	0.075806	-0.037100	-0.059124	-0.007086	-0.142785	-0.002504	0.021305	0.105137	-0.072652	0.083593	-0.187282	-0.104037	0.110755
1.000000	-0.055409	0.138942	-0.027452	-0.164780	-0.026891	-0.007023	-0.017197	0.084731	0.056049	-1.424205	0.061039	-0.044425	-0.084542	0.197092	-0.007773	0.156166	-0.120934	0.038170	-0.063413	-0.025863	-0.013316	0.225220	0.089981	0.046197	-0.228395	-0.050183	0.037764	-0.132736	-0.049817	-0.028301	-0.074264	0.245593	-0.223964	0.082838	-0.859161	0.147067	-0.036992	0.064424	-0.051556	0.027785	0.020371	-0.193117	0.007999	0.077847	0.121894	0.125606	0.199013	0.085766	-0.101855	0.102814	0.097413	-0.087157	0.058344	-0.097471	-0.127853	0.156709	0.010610	0.149541	0.162953	-0.005045	0.097425	-0.029603	0.195298	0.035010	-0.089480	-0.325307	0.065641	0.048166	0.003619	-0.011789	0.075162	0.032049	-0.019620	0.048838	-0.089729	0.004203	0.184457	0.129842	-0.180824	-0.045266	-0.145380	0.004409	0.194534	0.018591	0.120604	0.018781	-0.126504	0.185746	0.046402	0.082393	-0.126034	0.131709	-0.206777	-0.121260	-0.010990	0.028266	-0.194504	0.013687	-0.001626	-0.206319	0.049176	-0.046451	-0.016720	-0.115451	-0.072391	-0.009690	0.054713	0.104638	-0.162017	0.143976	-0.007083	-0.069467	-0.058412	-0.256698	0.099786	0.080807	-0.108173	0.013603	0.068556	-0.201368	-0.076170	-0.135561	0.096314	0.120002	-0.033249	-0.047839	0.015240	0.152870	0.029962	0.099325	0.055249	0.179992	0.079521	0.006078	-0.097963	-0.005234	-0.021867	-0.050080	-0.021009	0.215780	-0.063900	0.151733	-0.001484	0.073806	-0.329393	-0.038938	0.044736	0.012287	-0.088625	-0.007231	0.041759	0.002041	0.074198	-0.001273	0.203932	-0.017358	-0.090975	-0.061322	0.046192	-0.054229	0.099085	-0.140783	-0.004395	-0.071017	0.024388	0.101427	0.019217	0.119450	0.115162	0.023884	0.043216	-0.023108	-0.485297	0.010757	-0.071612	0.021306	-0.051512	0.070885	0.075278	0.183162	0.134505	0.104456	0.109975	-0.012580	-0.010335	-0.079836	-0.045124	0.094918	0.097951	0.099728	-0.047822	0.142229	0.008335	-0.096449	0.009181	-0.182184	-0.123565	-0.015993	0.011829	-0.027219	0.895834	-0.093757	0.066361	0.057185	0.061220	0.096104	0.012001	0.092190	-0.013639	-0.092313	-0.079306	-0.002541	0.059593	0.053803	0.035055	0.044152	0.099721	-0.024231	0.047578	0.044597	0.232080	-0.082929	-0.184057	-0.010409	-0.050216	0.004186	0.113213	-0.032667	-0.029596	-0.017476	-0.039117	-0.006903	-0.063139	-0.144594	0.088971	0.115470	0.078677	0.013707	-0.137666	0.107182	-0.016657	0.025860	0.275463	0.138063	-0.581947	-0.100451	0.193933	-0.014130	-0.011688	-0.085047	0.106769	-0.196013	-0.026424	0.016238	0.284507	0.081329	-0.050627	-0.120973	0.091734	0.120531	-0.039571	-0.125017	0.024995	-0.006705	-0.049043	-0.004550	-0.094379	-0.068372	0.158234	0.083604	-0.055949	-0.176471	0.077330	0.147254	0.024004	0.070133	-1.778041	-0.002601	0.216602	0.035621	-0.225433	0.080286	0.027426	-0.043860	-0.053132	0.159504	-0.003653	0.051408	0.003967	-0.033274	-0.004153	-0.168352	0.000412	0.029045	0.120313	-0.018247	0.053013	-0.220730	-0.113255	0.032521
1.000000	-0.108572	0.129248	-0.022523	-0.080133	-0.038829	0.013559	-0.025076	0.064116	0.071386	-1.278542	0.077656	-0.043474	-0.070400	0.171359	-0.009439	0.019295	-0.160077	0.022845	-0.019425	-0.016484	0.049731	0.243882	0.104585	0.092988	-0.177296	-0.071720	0.045743	-0.062853	-0.070731	0.017789	-0.036007	0.220739	-0.175787	0.053829	-0.808107	0.155966	-0.048409	-0.033632	-0.151539	0.007935	0.029658	-0.113668	-0.085981	0.034843	0.044400	0.107577	0.287603	0.134749	-0.112701	0.051532	0.058547	-0.139821	0.071310	-0.018708	-0.129317	0.147297	-0.051116	0.110052	0.158029	0.002746	0.141853	-0.020334	0.167426	0.047350	-0.082494	-0.304531	0.099112	0.029123	-0.013959	-0.047143	0.001942	0.039338	0.025314	0.062362	-0.112371	0.035128	0.103592	0.083535	-0.118537	-0.084841	-0.122334	0.039630	0.154733	-0.012919	0.072297	0.034349	-0.140458	0.133891	0.008690	0.076959	-0.093959	0.140179	-0.105975	-0.163261	-0.053734	0.038708	-0.176184	0.002621	-0.003391	-0.229765	0.014704	0.013102	-0.030559	-0.115841	-0.046781	0.023363	0.114785	0.094801	-0.168661	0.087427	0.001035	-0.081627	-0.092916	-0.199587	0.063202	0.085123	-0.079201	0.047569	0.053167	-0.157170	-0.036922	-0.087757	0.105927	0.112475	-0.054007	-0.041449	0.108385	0.140400	0.061377	0.067166	0.101270	0.112667	0.088987	0.051419	-0.042624	-0.018342	-0.032057	-0.031726	-0.042809	0.137454	-0.093117	0.121697	0.020873	0.116916	-0.315339	-0.089264	-0.017276	0.002320	-0.121146	0.060520	0.021139	-0.001816	0.095554	0.029644	0.231775	-0.034567	-0.047909	-0.018383	0.042099	-0.036225	0.090390	-0.098530	-0.005039	-0.036642	-0.003029	0.116681	-0.027142	0.046146	0.095531	0.017152	0.009000	0.047354	-0.462473	0.019540	-0.058135	-0.003492	-0.099604	0.056458	0.035876	0.131373	0.111310	0.074552	0.105286	-0.068329	0.006476	-0.034406	-0.003392	0.094551	0.054204	0.074883	-0.019299	0.190405	0.023890	-0.087628	-0.047857	-0.146067	-0.080392	-0.007555	0.018234	-0.054268	0.851915	-0.076001	0.055616	0.004456	0.089481	0.019305	-0.080033	0.042124	-0.017367	-0.138706	-0.085985	-0.103622	0.090954	0.013903	0.043135	0.079307	0.052050	-0.062943	-0.000724	-0.002041	0.268897	-0.037380	-0.199909	0.094663	-0.013415	-0.020813	0.152114	-0.001050	-0.004978	-0.025302	0.016795	0.032310	0.015515	-0.139478	0.224204	0.139988	0.094597	0.055585	-0.138251	0.064601	-0.061973	0.008803	0.231926	0.009969	-0.500360	-0.050862	0.123793	0.071683	-0.026006	-0.075889	0.097899	-0.091749	-0.036547	0.024462	0.203686	0.050635	-0.008651	-0.099132	0.101308	0.028773	-0.017524	-0.088504	0.084571	0.012637	-0.021701	-0.029548	-0.068471	-0.057017	0.214669	0.059748	-0.027348	-0.130757	0.093038	0.073397	0.064044	0.072799	-1.690652	0.013093	0.177115	0.036040	-0.167129	-0.014157	0.008378	-0.001697	-0.117359	0.167954	0.001646	0.066654	-0.036449	-0.016226	-0.013955	-0.170253	-0.018494	0.027436	0.081312	-0.037207	0.017002	-0.181133	-0.102940	0.077407
0.000000	-0.048095	0.116984	-0.048658	-0.130246	-0.040347	-0.018546	-0.011236	0.046328	0.038372	-1.449241	0.083332	-0.068413	-0.078807	0.174998	0.003050	0.109593	-0.126200	-0.008348	-0.031355	-0.026338	0.016916	0.231023	0.150924	0.051735	-0.255465	-0.048851	0.050587	-0.133895	-0.055765	-0.008223	-0.063556	0.233078	-0.225215	0.009954	-0.854995	0.139473	-0.073703	0.019111	-0.041824	0.017558	0.018113	-0.208627	-0.001671	0.017298	0.126404	0.091768	0.157271	0.092769	-0.100035	0.093813	0.078387	-0.106579	0.069755	-0.059949	-0.128536	0.165809	0.032343	0.149184	0.198680	0.005146	0.127960	-0.007909	0.199163	0.085765	-0.113273	-0.313864	0.062631	0.011372	0.043119	-0.036040	0.092881	0.009736	-0.011175	0.109403	-0.037228	0.000972	0.130990	0.140638	-0.180321	-0.042734	-0.128735	0.050628	0.204121	-0.011244	0.133515	0.024977	-0.124843	0.199909	0.019383	0.062965	-0.179072	0.138124	-0.215771	-0.149047	-0.029028	0.016756	-0.203439	0.005398	-0.032782	-0.207867	0.036120	-0.036443	-0.047151	-0.065816	-0.050094	-0.015084	0.063869	0.116477	-0.162047	0.156738	-0.006792	-0.064320	-0.110079	-0.245518	0.119675	0.091591	-0.133045	0.010234	0.097025	-0.196657	-0.072142	-0.138174	0.101621	0.113896	-0.016894	-0.056927	0.071173	0.156056	0.042096	0.109225	0.115950	0.113640	0.101287	0.014752	-0.078921	0.009844	-0.010841	-0.038492	-0.044091	0.203489	-0.018935	0.146346	0.030036	0.095961	-0.348541	-0.054615	0.032059	0.051471	-0.072100	0.016492	-0.049878	-0.031970	0.086289	0.000906	0.125175	-0.003628	-0.068196	-0.099549	0.082444	-0.051668	0.088092	-0.178824	-0.012955	-0.059805	0.034850	0.105072	-0.006970	0.117649	0.092817	0.062029	0.035207	0.014113	-0.496319	-0.029302	-0.058162	0.019026	-0.040517	0.045881	0.074165	0.188656	0.092364	0.093648	0.126977	-0.030014	-0.046521	-0.040616	-0.025999	0.102011	0.108323	0.052217	-0.049884	0.145898	0.012579	-0.113618	-0.013082	-0.143980	-0.087753	0.025772	0.015278	-0.091648	0.878220	-0.095918	0.094114	0.086486	0.061291	0.039399	0.050625	0.064919	-0.065213	-0.129143	-0.113604	-0.029902	0.061631	0.061759	0.045921	0.075645	0.132825	-0.016967	0.016393	0.026933	0.217701	-0.068672	-0.185599	0.038376	0.020206	0.000553	0.098157	0.028729	-0.029361	-0.026756	0.025820	0.003348	-0.045311	-0.129406	0.047639	0.132184	0.085851	0.039782	-0.124823	0.060150	0.006283	-0.010422	0.219767	0.090604	-0.558319	-0.038235	0.152265	0.021427	-0.041207	-0.103600	0.107248	-0.150867	-0.050970	0.067797	0.319678	0.063833	-0.070611	-0.091095	0.038665	0.037863	-0.065153	-0.142832	-0.033324	-0.009260	-0.073775	0.005032	-0.067905	-0.063959	0.107329	0.086417	-0.036893	-0.134470	0.071580	0.098666	0.034584	0.078765	-1.741061	-0.024805	0.210863	0.023346	-0.169059	0.073097	0.031100	0.003730	-0.071916	0.154233	0.029362	0.083509	-0.018433	-0.032311	-0.031741	-0.181877	0.041761	0.033524	0.106090	-0.087090	0.049699	-0.219833	-0.077180	0.083517
1.000000	-0.099720	0.118220	-0.024220	-0.116616	-0.058568	0.014074	-0.019817	0.055309	0.095441	-1.421390	0.095297	-0.023330	-0.049304	0.178844	0.011802	0.155423	-0.180039	0.022188	-0.036608	-0.015232	-0.001585	0.219657	0.101771	0.080048	-0.195595	-0.050507	0.055278	-0.109587	-0.075628	-0.005254	-0.023021	0.230244	-0.161114	0.072744	-0.842761	0.103158	-0.040190	0.001247	-0.066448	0.026526	0.016817	-0.113330	-0.002197	0.051656	0.091175	0.157386	0.222371	0.147661	-0.072892	0.034026	0.032432	-0.168343	0.040345	-0.070865	-0.080070	0.138428	-0.023755	0.170515	0.155971	-0.065336	0.202696	0.004972	0.196632	0.053724	-0.119152	-0.292339	0.096141	0.035828	0.057382	-0.040300	0.031313	-0.009217	0.012804	0.087203	-0.042716	-0.011577	0.098282	0.152627	-0.169533	-0.087558	-0.137946	0.007100	0.174601	-0.033814	0.119440	0.044969	-0.109037	0.135396	0.027553	0.071735	-0.072296	0.197023	-0.153946	-0.133953	-0.027357	0.000818	-0.173300	-0.018774	-0.044814	-0.193747	-0.012716	-0.019434	-0.085652	-0.114960	-0.082189	0.041577	0.105375	0.137366	-0.161545	0.065524	-0.071010	-0.178481	-0.056678	-0.236494	0.129422	0.073632	-0.164627	0.026349	0.038298	-0.151333	-0.079385	-0.110743	0.108651	0.088812	-0.062845	-0.032808	0.084184	0.152173	0.034799	0.009799	0.058629	0.127982	0.071863	0.004371	-0.082624	-0.001852	0.002901	-0.032004	0.009682	0.193746	-0.037291	0.132579	0.007412	0.127372	-0.312439	-0.060341	0.021094	0.015499	-0.126879	-0.019540	0.046890	-0.004615	0.050612	0.009975	0.184907	-0.011773	-0.056427	-0.042434	0.064203	-0.043614	0.108932	-0.130610	-0.025481	-0.083217	0.010464	0.078541	-0.025460	0.088758	0.156428	0.055700	0.059829	0.018332	-0.461276	0.066499	-0.019446	-0.014258	-0.063012	0.045989	0.010184	0.166824	0.092769	0.088987	0.153676	-0.026873	-0.016082	-0.101497	-0.080343	0.080109	0.091807	0.094257	-0.014924	0.162928	0.028049	-0.086751	-0.036580	-0.141741	-0.096196	-0.037727	0.054805	-0.081873	0.847219	-0.097255	0.109739	0.031682	0.018935	0.035289	0.002218	0.094907	-0.017861	-0.139996	-0.051424	-0.023089	0.061447	0.022772	0.054932	0.036444	0.112737	0.029232	-0.003030	0.017592	0.253587	-0.071456	-0.128820	0.050336	-0.064113	0.026566	0.077387	0.025896	-0.009106	-0.070477	-0.029254	0.056167	-0.017113	-0.157525	0.090527	0.112049	0.077416	0.044137	-0.185365	0.130786	-0.013865	0.071662	0.209734	0.124897	-0.523482	-0.052653	0.151547	0.001660	-0.008880	-0.072887	0.158031	-0.171008	-0.042504	-0.004882	0.327110	0.097572	-0.048388	-0.125506	0.031620	0.056246	-0.039439	-0.114919	0.079634	0.048690	-0.100288	-0.019174	-0.064673	-0.054563	0.123775	0.046431	-0.052949	-0.153979	0.077182	0.094134	0.039126	0.094217	-1.739226	0.003212	0.213395	0.010092	-0.224759	0.076201	0.043689	-0.007522	-0.038768	0.158632	-0.013852	0.074875	-0.009854	-0.074844	0.006711	-0.160550	-0.055454	0.065132	0.119723	0.058585	0.071445	-0.217275	-0.063927	0.058772
0.000000	-0.100724	0.163128	-0.032763	-0.116349	-0.035001	0.033499	-0.024974	0.109126	0.078630	-1.440253	0.085998	-0.092934	-0.109665	0.150945	0.018494	0.071385	-0.140392	-0.002121	-0.035114	0.010287	-0.029656	0.229485	0.161900	0.094937	-0.189143	-0.058656	0.011326	-0.072327	-0.049354	0.004173	-0.056506	0.217447	-0.220978	0.018398	-0.858509	0.142514	-0.046971	0.075945	-0.065709	0.030347	0.003159	-0.148171	-0.034201	0.086742	0.044891	0.110999	0.177944	0.113086	-0.116661	0.069143	0.048727	-0.161946	0.057006	-0.005614	-0.065645	0.154198	-0.044199	0.148772	0.114652	0.011703	0.173268	-0.025702	0.208883	0.076730	-0.088667	-0.307936	0.099295	0.069543	0.032235	-0.018660	0.088991	0.010527	0.006161	0.094208	-0.060604	-0.036320	0.154628	0.143111	-0.173672	-0.058564	-0.107497	0.005847	0.168333	0.021518	0.116414	0.040359	-0.123845	0.183820	-0.004625	0.040195	-0.163731	0.137820	-0.171714	-0.163030	-0.005286	0.064377	-0.193677	0.077639	-0.010974	-0.168626	0.057759	0.004588	-0.030001	-0.118216	-0.078077	-0.017575	0.089310	0.117303	-0.182966	0.123593	0.013560	-0.091733	-0.112584	-0.288070	0.107315	0.093872	-0.131988	0.037048	0.074301	-0.169818	-0.075912	-0.131820	0.134740	0.150180	-0.034818	-0.035313	0.063087	0.165489	0.058676	0.047667	0.106970	0.169630	0.086442	0.035579	-0.046153	-0.028306	-0.004300	-0.072815	-0.014881	0.145771	-0.033178	0.128142	0.016733	0.109291	-0.362061	-0.052457	0.053231	0.004464	-0.022875	-0.013825	0.010758	-0.029889	0.079595	-0.009532	0.195082	-0.008408	-0.120381	-0.085629	0.112736	-0.086298	0.076472	-0.154168	0.019126	-0.046195	-0.004020	0.094604	0.017602	0.054315	0.044242	0.040032	0.053202	0.008966	-0.468499	0.036957	-0.071577	-0.001283	-0.097388	0.080373	0.046669	0.188007	0.106982	0.096839	0.150243	-0.071164	-0.023386	-0.085153	-0.105112	0.103114	0.091993	0.080661	-0.026905	0.199040	0.036926	-0.089788	0.034067	-0.124561	-0.090552	-0.014175	0.054417	-0.076806	0.872835	-0.067652	0.115369	0.052780	0.067466	0.051340	-0.011092	0.065224	-0.035433	-0.152158	-0.062079	-0.066169	0.093209	0.030883	0.046997	0.082323	0.136457	-0.005584	-0.003773	0.065661	0.235350	-0.027168	-0.168226	0.022892	-0.029423	-0.039925	0.121482	0.023659	-0.036635	-0.009112	0.023600	0.051684	-0.059858	-0.187388	0.105303	0.144484	0.092687	0.048745	-0.150922	0.074417	-0.016306	0.014220	0.213443	0.023612	-0.619253	-0.033355	0.183927	0.027320	-0.024467	-0.084431	0.152032	-0.116826	-0.045020	0.016148	0.337029	0.042555	-0.049642	-0.093845	0.049432	0.071892	0.011443	-0.146388	0.108413	0.047105	-0.047166	-0.037530	-0.089697	-0.059388	0.161307	0.064874	-0.054519	-0.092002	0.093952	0.134302	0.030468	0.072049	-1.862218	-0.010763	0.231983	0.013959	-0.176844	0.031270	0.015580	0.044385	-0.070832	0.155894	0.020570	0.092874	-0.002288	-0.028729	0.012911	-0.215527	-0.030440	-0.007695	0.086548	0.019878	0.030274	-0.256318	-0.068733	0.040941
1.000000	-0.096362	0.124224	-0.053855	-0.123071	-0.077865	-0.013789	-0.044005	0.043980	0.078531	-1.360739	0.135341	-0.073460	-0.083246	0.190481	0.012776	0.096021	-0.161853	0.040700	-0.039359	0.008630	-0.015954	0.237530	0.083052	0.057499	-0.243728	-0.064196	0.026876	-0.114770	-0.086528	-0.012099	-0.068957	0.227918	-0.164113	0.040114	-0.868226	0.146817	-0.064498	0.099565	-0.034143	0.023324	0.007195	-0.165406	-0.037885	0.039674	0.131150	0.109118	0.202380	0.118155	-0.094248	0.098941	0.059160	-0.105015	0.065035	-0.044528	-0.189022	0.185222	0.016624	0.174586	0.182128	-0.021920	0.134319	-0.016316	0.132761	0.038790	-0.084661	-0.316980	0.056140	0.016060	0.026696	-0.070130	0.040223	0.045822	-0.022540	0.144823	-0.055767	-0.043978	0.177230	0.121667	-0.165089	-0.042633	-0.118982	0.029070	0.237614	-0.022086	0.098250	0.014716	-0.144113	0.172374	0.060017	0.015119	-0.122641	0.123817	-0.178803	-0.171281	-0.024347	0.046826	-0.157834	0.010928	-0.010897	-0.174931	0.047040	-0.055089	-0.009310	-0.110105	-0.053741	-0.027356	0.097885	0.101437	-0.210116	0.087236	0.010306	-0.070063	-0.095121	-0.277394	0.093576	0.036901	-0.165479	0.056898	0.085369	-0.177083	-0.105294	-0.137663	0.095179	0.102024	-0.078099	-0.098779	0.075133	0.190622	0.025654	0.106733	0.083366	0.190775	0.052203	0.033964	-0.099955	-0.007216	-0.012707	-0.048136	-0.048862	0.170983	0.000107	0.119280	0.021860	0.076261	-0.316042	-0.042714	-0.007295	0.018381	-0.080182	-0.017832	0.014558	-0.002267	0.087461	0.007369	0.165838	-0.039947	-0.066563	-0.067044	0.093090	-0.051233	0.087169	-0.180116	-0.010095	-0.037914	0.006649	0.078763	-0.019588	0.146287	0.073733	0.014275	0.047774	-0.022900	-0.457083	0.005385	-0.029337	-0.011054	-0.062539	0.010400	0.069853	0.156114	0.106824	0.136349	0.189087	-0.066485	-0.014092	-0.113173	-0.013779	0.103964	0.065819	0.086105	-0.049279	0.203723	0.031779	-0.102294	0.026749	-0.147952	-0.110935	0.003896	0.023173	-0.090872	0.929817	-0.088582	0.088963	0.081709	0.048865	0.044119	0.037005	0.107976	-0.079512	-0.130600	-0.098605	-0.044563	0.041350	0.076275	0.021937	0.046645	0.092253	-0.012407	0.043887	0.043886	0.262089	-0.071679	-0.214108	0.065998	-0.021761	-0.000667	0.111254	-0.003860	-0.007364	-0.045866	-0.028002	-0.016064	-0.014254	-0.191819	0.089940	0.137475	0.070492	0.067093	-0.117567	0.065326	-0.058959	0.025610	0.165060	0.073461	-0.526292	-0.042268	0.160861	0.014511	-0.019349	-0.130314	0.124600	-0.144914	-0.070625	0.022153	0.335575	0.056201	-0.018414	-0.119056	0.096835	0.048083	-0.045639	-0.118527	0.044125	0.029181	-0.069862	-0.004897	-0.065405	-0.098635	0.152194	0.116734	-0.040975	-0.179958	0.080407	0.146118	0.061202	0.074978	-1.687430	-0.050157	0.160513	0.033512	-0.206195	0.056476	0.035666	0.019714	-0.067331	0.164476	-0.046770	0.075110	-0.011651	-0.018933	-0.011909	-0.177677	-0.003279	-0.009684	0.100616	-0.044845	0.096308	-0.194454	-0.039941	0.088007
1.000000	-0.049717	0.115358	-0.026814	-0.136000	-0.109140	0.021851	-0.058865	0.058229	0.071107	-1.270087	0.028833	-0.082729	-0.095661	0.179978	-0.070775	0.097218	-0.079808	0.011959	-0.051528	0.074866	0.012936	0.255839	0.140440	0.043898	-0.200607	-0.062251	0.031438	-0.078148	-0.092671	-0.021018	-0.109470	0.214202	-0.160934	0.047478	-0.806582	0.140905	0.008658	0.057484	-0.016133	0.009820	0.058396	-0.159839	-0.050092	0.033441	0.133539	0.104330	0.186283	0.118221	-0.108482	0.065873	0.070167	-0.148715	0.096969	-0.082425	-0.128683	0.208489	-0.008752	0.209692	0.194219	0.045110	0.166759	-0.044533	0.151013	0.104508	-0.095769	-0.251593	0.062052	0.048636	-0.041686	-0.043446	0.044834	-0.004355	-0.039150	0.125645	-0.006893	-0.033798	0.156678	0.114153	-0.213147	-0.067022	-0.098632	0.072859	0.222282	-0.014155	0.098648	-0.016498	-0.116128	0.105295	-0.013098	0.012472	-0.134182	0.112318	-0.195091	-0.064678	-0.060213	0.056252	-0.122513	0.023554	-0.008291	-0.144093	0.019235	-0.057519	0.003140	-0.099769	-0.090781	0.006111	0.016206	0.105510	-0.132271	0.071927	0.101434	-0.042087	-0.062856	-0.262120	0.079534	0.038470	-0.160821	0.037743	0.055896	-0.135510	-0.063104	-0.163294	0.099184	0.114319	-0.091463	-0.035217	0.060040	0.145968	0.012289	0.126529	0.110314	0.160198	0.031568	0.076593	-0.060744	-0.011135	0.016334	-0.065313	-0.026883	0.164156	-0.018581	0.124337	0.021675	0.106215	-0.246001	-0.041551	-0.009508	0.003601	-0.061171	-0.017234	-0.020582	0.029004	0.109725	0.051297	0.124947	-0.036259	-0.107232	-0.052499	0.099791	-0.086915	0.162266	-0.088865	-0.009322	-0.014299	-0.018538	0.127155	-0.018112	0.100285	0.090704	0.022793	0.035044	-0.001765	-0.449741	-0.026703	-0.053509	0.043889	-0.059715	0.052444	0.072437	0.158431	0.119592	0.101584	0.103801	-0.024581	-0.001117	-0.063166	0.008747	0.079815	0.084897	0.006829	-0.054638	0.125016	-0.025256	-0.119830	-0.017028	-0.083313	-0.074876	0.004989	0.026966	-0.039393	0.814157	-0.087457	0.121036	0.115918	0.071502	0.025414	0.032422	0.135708	-0.062838	-0.123547	-0.098575	0.010403	-0.003549	0.048009	0.075332	0.078220	0.121461	-0.018846	0.070246	-0.003021	0.213629	-0.016024	-0.178145	0.004759	-0.123886	0.017823	0.090642	0.063114	-0.059236	-0.068790	-0.036883	0.010013	-0.049574	-0.134286	0.130339	0.145014	0.054870	0.064231	-0.203389	0.058411	-0.069470	0.072157	0.182970	0.064042	-0.454290	-0.035397	0.110592	-0.024562	-0.055750	-0.136669	0.144316	-0.173709	0.015647	0.016488	0.265835	0.100638	-0.025528	-0.049282	0.013584	0.058825	-0.028467	-0.156838	0.044923	0.023335	-0.072143	0.006621	-0.114399	-0.115936	0.079716	0.091792	-0.033321	-0.138015	0.066001	0.078569	0.040716	0.038250	-1.611268	0.005481	0.153486	0.005519	-0.157211	0.063982	-0.011919	0.001249	-0.045701	0.132629	0.082432	0.072303	0.014959	-0.046407	-0.030703	-0.125382	0.034697	-0.047830	0.065974	-0.086170	0.064086	-0.165088	-0.101056	0.086955
0.000000	-0.102327	0.101931	-0.040939	-0.132354	-0.037819	-0.057250	-0.039199	0.076530	0.090524	-1.455100	0.132223	-0.012393	-0.059426	0.236185	0.012139	0.098766	-0.169534	0.028144	-0.031351	0.000321	-0.028050	0.216718	0.126257	0.058720	-0.249464	-0.073677	0.027286	-0.126599	-0.091305	-0.028751	-0.092684	0.264640	-0.222035	0.031558	-0.833106	0.161306	-0.007050	0.065310	-0.035930	-0.016708	0.046363	-0.129537	0.039282	0.038333	0.140363	0.106997	0.170625	0.113792	-0.090584	0.090801	0.086548	-0.086941	0.070665	-0.060337	-0.157176	0.158439	0.011922	0.155307	0.235337	-0.021802	0.149996	-0.009665	0.221869	0.056397	-0.104766	-0.312371	0.032726	0.037786	0.059908	-0.001906	0.082497	0.033059	-0.015214	0.149136	-0.081377	0.009836	0.190261	0.158920	-0.194831	-0.020022	-0.151675	0.016913	0.179316	-0.018147	0.143602	0.028028	-0.149143	0.216621	0.017873	0.047156	-0.127229	0.191484	-0.202807	-0.144347	-0.005567	0.013192	-0.199601	0.034346	-0.010324	-0.152399	0.031381	-0.050495	-0.039994	-0.100791	-0.095056	-0.007004	0.033019	0.132249	-0.188397	0.091394	0.014610	-0.036651	-0.061976	-0.250134	0.104959	0.076586	-0.143792	0.043843	0.098805	-0.155411	-0.113107	-0.163327	0.113191	0.141060	-0.053873	-0.040935	0.119575	0.169499	0.008180	0.159992	0.083749	0.174825	0.061120	0.037566	-0.038922	0.038407	-0.027633	-0.064298	-0.045878	0.177442	0.001389	0.184730	0.017768	0.103898	-0.370781	-0.086337	-0.005374	0.007982	-0.081890	-0.021359	-0.076079	-0.018842	0.081076	-0.012095	0.146273	-0.034451	-0.039681	-0.071803	0.088414	-0.040748	0.077292	-0.181999	0.006535	-0.042648	0.023747	0.069349	-0.039923	0.153934	0.080769	0.031654	0.038248	0.010763	-0.490522	0.013951	-0.017164	0.005548	-0.005145	0.033030	0.090629	0.149316	0.123123	0.159062	0.147525	-0.057137	-0.036574	-0.087196	-0.057547	0.128406	0.065081	0.058628	-0.068505	0.208167	0.021132	-0.087072	0.026480	-0.149144	-0.093086	0.008953	0.009374	-0.064555	0.852193	-0.125288	0.125876	0.067277	0.045704	0.091310	0.036514	0.112572	-0.055116	-0.135960	-0.063124	-0.044646	0.076978	0.050474	0.005108	0.039975	0.155014	-0.009866	0.022562	-0.019470	0.238778	-0.069630	-0.237197	0.037138	-0.010422	-0.016746	0.117238	0.004865	-0.030683	-0.041042	0.000065	0.064258	-0.034613	-0.164698	0.087625	0.138234	0.090355	0.064799	-0.143806	0.047153	-0.014518	0.001543	0.194903	0.081298	-0.555767	-0.067371	0.159484	-0.009135	-0.087264	-0.192635	0.124931	-0.157203	-0.056541	0.031148	0.288360	0.048688	-0.031311	-0.093079	0.077717	0.064138	-0.071708	-0.135760	0.003614	0.004606	-0.047029	-0.015274	-0.042547	-0.046913	0.123744	0.107497	-0.052091	-0.148306	0.063526	0.138634	0.028828	0.093077	-1.692561	-0.031402	0.190279	-0.000555	-0.160110	0.076626	0.063260	-0.018695	-0.035480	0.119386	-0.014052	0.069359	0.006818	-0.006502	-0.030920	-0.167963	0.042691	0.064715	0.100272	-0.081434	0.066081	-0.219999	-0.058304	0.096717
1.000000	-0.133570	0.119786	-0.010619	-0.147830	-0.052085	0.030069	-0.070281	-0.041430	0.040260	-1.431461	0.112267	-0.075180	-0.053857	0.134192	0.014900	0.045034	-0.154059	-0.056183	-0.039296	-0.032216	0.057364	0.276180	0.141455	0.108532	-0.106522	-0.010929	0.054040	-0.065270	-0.046739	-0.058758	-0.092460	0.272266	-0.161610	0.008306	-0.889219	0.129532	-0.039818	-0.022524	-0.166014	0.004555	-0.012100	-0.126297	-0.069261	0.120263	0.079689	0.030892	0.275254	0.180211	-0.100287	0.014032	0.093624	-0.187509	0.046927	-0.045797	-0.151956	0.201734	-0.045623	0.156423	0.120426	-0.018183	0.163856	-0.007982	0.233405	0.104085	-0.110375	-0.326146	0.077381	0.011878	0.015956	-0.012821	0.034769	-0.019949	0.030959	0.048742	-0.026622	-0.022048	0.075535	0.083508	-0.156457	-0.097331	-0.122649	0.052354	0.160774	-0.034899	0.071804	0.036925	-0.139170	0.197041	-0.025496	0.059327	-0.213879	0.146488	-0.190039	-0.237461	0.013471	0.025396	-0.279892	0.007031	0.002378	-0.282700	0.052178	0.007753	-0.066221	-0.075652	-0.030329	-0.015766	0.245792	0.051818	-0.128408	0.076915	0.052606	-0.052984	-0.097331	-0.194477	0.134632	0.095998	-0.096152	0.040961	0.028658	-0.161040	-0.078795	-0.007248	0.057017	0.097145	0.027950	-0.076073	0.187433	0.114598	0.050766	0.052914	0.138202	0.086254	0.062541	-0.017647	-0.060084	0.016321	-0.015487	-0.007896	-0.021569	0.174605	0.021422	0.131222	-0.022342	0.125422	-0.354653	-0.146225	-0.035107	0.102128	-0.110914	0.069649	0.086041	-0.016590	0.100900	0.001072	0.238468	-0.024153	-0.072358	-0.026205	0.041394	-0.085120	0.115015	-0.106591	0.041254	-0.064300	-0.053339	0.170385	-0.013643	0.135579	0.032135	0.077300	0.008140	0.103427	-0.506786	0.032179	-0.069277	0.047736	-0.081583	0.002613	0.027497	0.167646	0.079547	0.031317	0.152011	-0.029577	-0.007037	-0.002619	-0.101888	0.044713	0.032407	0.083833	-0.018504	0.167195	-0.067230	-0.054264	-0.090939	-0.051383	-0.049712	-0.022795	0.082745	-0.124887	1.001388	-0.091031	0.106472	0.068884	0.032209	-0.009333	0.022183	0.018073	-0.076962	-0.214681	-0.121460	-0.059555	0.127481	0.023124	-0.000464	0.067457	0.073732	0.015366	-0.059260	0.090602	0.197759	-0.050240	-0.166211	0.086101	-0.038272	-0.045725	0.116418	0.030551	-0.023688	-0.060904	0.043531	0.033804	0.049191	-0.078247	0.063783	0.166854	0.037677	0.069004	-0.114284	0.094741	-0.021021	0.009533	0.235487	0.095692	-0.511950	0.017530	0.146236	0.058734	-0.023062	-0.091428	0.104114	-0.083607	-0.120843	0.044215	0.278005	0.012889	-0.021871	-0.090155	0.109169	0.034004	-0.006654	-0.180492	0.077832	0.020793	-0.052754	-0.029576	-0.015655	-0.003130	0.179663	0.063972	-0.049703	-0.181625	0.105157	0.101844	0.081958	0.101950	-1.751040	-0.064052	0.268141	0.016371	-0.125637	0.055795	-0.048190	0.050044	-0.149433	0.131478	0.076240	0.124215	-0.035948	-0.001364	0.040968	-0.168829	0.015674	-0.002376	0.046915	-0.012998	0.084538	-0.188453	-0.146208	0.154170
1.000000	-0.089820	0.086320	0.023975	-0.051557	-0.083449	-0.024540	-0.039212	0.043443	0.074065	-1.228725	0.075256	-0.084873	-0.128816	0.255391	-0.058052	0.174935	-0.147098	0.054357	-0.040961	0.083159	-0.032144	0.210508	0.091128	0.012379	-0.189084	-0.072104	0.040436	-0.115040	-0.073639	-0.074070	-0.118100	0.215125	-0.147763	0.033317	-0.807679	0.156149	-0.064595	0.109291	-0.033994	0.052190	0.011197	-0.141098	0.023906	0.030601	0.101503	0.141233	0.191465	0.152650	-0.100929	0.092526	0.044561	-0.145489	0.060086	-0.058871	-0.155306	0.090149	-0.011097	0.179475	0.155143	0.001435	0.186235	-0.034702	0.101193	0.071360	-0.162166	-0.288850	0.018816	-0.007049	-0.024722	-0.049832	0.107603	0.009647	-0.012190	0.099173	-0.092943	0.001632	0.264970	0.123940	-0.145816	-0.035924	-0.101934	0.061569	0.156898	0.057454	0.086892	0.004450	-0.171687	0.129700	-0.013327	-0.003453	-0.098724	0.105330	-0.255154	-0.131458	-0.005186	0.026313	-0.172644	0.055764	-0.009714	-0.084552	0.026631	-0.042423	0.048428	-0.199379	-0.092050	-0.005582	0.076223	0.149039	-0.239594	0.047773	0.036727	-0.018313	-0.049202	-0.282230	0.089560	0.063743	-0.220911	0.088822	0.114778	-0.223563	-0.075919	-0.163282	0.071014	0.143085	-0.094087	-0.042746	0.033268	0.156824	-0.000721	0.193724	0.078439	0.239617	0.059290	0.116764	-0.056895	-0.023079	-0.027595	0.028551	-0.040263	0.186408	0.027049	0.169430	-0.031990	0.078987	-0.328581	-0.017131	0.034513	-0.030055	-0.071707	-0.074917	-0.025879	0.041822	0.077834	0.039730	0.107941	-0.064179	-0.038827	-0.076505	0.085692	-0.034663	0.104926	-0.106888	-0.060627	-0.020621	0.048487	0.092745	0.001593	0.125852	0.087272	-0.007186	0.020277	0.024484	-0.425731	-0.026844	-0.054859	0.020503	-0.071402	0.056467	0.114158	0.063559	0.165608	0.134107	0.193898	-0.116835	-0.027633	-0.110106	0.053215	0.074467	0.118188	0.097292	-0.034900	0.253752	-0.013735	-0.099215	0.026957	-0.088538	-0.168402	-0.058218	-0.007272	-0.040347	0.774133	-0.149031	0.148063	0.096494	0.086923	-0.015351	0.080383	0.102097	-0.048998	-0.160041	0.001133	-0.058574	0.042972	0.043666	0.081921	0.017484	0.195287	-0.081230	0.053211	0.009785	0.310360	0.001397	-0.160266	-0.026624	-0.123040	-0.018428	0.103728	0.000314	0.033467	-0.055029	-0.015673	0.007642	-0.035132	-0.214245	0.187524	0.190709	0.017111	0.017095	-0.227373	0.068897	-0.069092	0.064376	0.145903	0.098475	-0.502565	-0.067392	0.157997	0.052204	0.005193	-0.203603	0.175915	-0.106282	-0.033333	0.019026	0.298016	0.055731	-0.079180	-0.071715	0.040963	0.100531	-0.043842	-0.172667	0.066480	0.024827	-0.061009	-0.065124	-0.056046	-0.091145	0.100669	0.078336	-0.140279	-0.116146	0.061640	0.164396	0.054355	0.105702	-1.563762	-0.000300	0.076149	-0.044155	-0.193173	0.090346	0.047621	0.017696	-0.006785	0.232051	0.034386	0.042816	0.023720	-0.034690	0.008479	-0.139219	0.054416	-0.013125	0.026331	-0.064500	0.073240	-0.237586	-0.052752	0.097605
1.000000	-0.067577	0.170754	-0.032974	-0.098554	-0.086224	0.076273	-0.039139	0.051063	0.056557	-1.353004	0.095442	-0.087984	-0.078265	0.162441	-0.000946	0.018914	-0.121034	0.021596	0.012210	0.007551	0.044265	0.250709	0.120643	0.066291	-0.152147	-0.047553	0.021190	-0.069130	-0.027602	-0.031806	-0.065445	0.245098	-0.205072	0.015088	-0.839218	0.112553	-0.036703	-0.024232	-0.094940	-0.030372	-0.025592	-0.135872	-0.043169	0.097298	0.058326	0.107832	0.233850	0.104100	-0.114774	0.057198	0.075272	-0.155715	0.042076	-0.030883	-0.156589	0.220195	-0.005297	0.143951	0.137725	-0.024940	0.151374	-0.049751	0.206002	0.092020	-0.104406	-0.286950	0.070513	0.055971	0.023934	-0.022600	0.054719	0.054237	0.010119	0.089704	-0.024228	-0.022298	0.106268	0.103910	-0.167136	-0.064846	-0.134755	-0.012269	0.186736	0.000539	0.098878	0.015629	-0.152709	0.111483	0.049539	0.058687	-0.139043	0.163508	-0.159387	-0.163623	0.023549	0.088124	-0.164911	-0.041150	-0.018826	-0.190562	0.071301	0.037618	-0.036967	-0.061478	-0.037011	-0.058624	0.109999	0.127082	-0.180708	0.072082	0.011639	-0.088088	-0.092580	-0.219516	0.107310	0.066469	-0.057043	0.014091	0.018618	-0.177452	-0.014026	-0.095263	0.074202	0.127253	0.023132	-0.036025	0.076464	0.120653	0.032582	0.083738	0.063191	0.078166	0.027489	-0.003384	-0.059186	-0.015263	-0.037610	-0.011270	-0.008353	0.176226	-0.098129	0.119509	0.031114	0.080522	-0.309750	-0.096506	-0.042946	0.015244	-0.083702	0.047999	0.044373	-0.023951	0.112400	0.002280	0.188038	-0.031294	-0.038373	-0.049084	0.101369	-0.086970	0.112616	-0.139820	-0.006560	-0.050290	-0.032501	0.112570	-0.035942	0.048923	0.039900	0.027437	-0.013105	0.045745	-0.482984	0.072705	-0.018948	-0.005861	-0.093094	0.084301	0.045985	0.202858	0.065128	0.045726	0.111940	-0.022595	0.016668	-0.050553	-0.012218	0.056458	0.032753	0.071106	-0.035151	0.161331	-0.038541	-0.106200	-0.037766	-0.127263	-0.073352	0.013381	0.030471	-0.039623	0.835676	-0.038938	0.067791	0.082460	0.053543	0.016624	-0.043580	0.087697	-0.058122	-0.146227	-0.155137	-0.042027	0.032250	0.023206	0.055300	0.107863	0.075981	-0.007659	0.027677	0.068656	0.190404	-0.017324	-0.182745	0.063551	0.006511	-0.020616	0.114832	0.040340	0.004969	-0.037509	-0.020131	0.042698	-0.008916	-0.105597	0.160424	0.128243	0.081253	0.016798	-0.136150	0.091060	-0.024167	0.037975	0.198282	0.043796	-0.517162	-0.054628	0.105225	0.024794	-0.037933	-0.028154	0.119402	-0.122057	-0.047347	0.043322	0.195176	0.029324	-0.054551	-0.108318	0.065907	-0.009526	-0.008272	-0.116925	0.068751	-0.012682	-0.062077	-0.027196	0.000731	-0.043529	0.157106	0.075764	-0.058320	-0.188719	0.096010	0.083166	0.054389	0.100382	-1.723968	0.002857	0.193999	0.017773	-0.148462	0.001309	0.035888	0.010230	-0.093543	0.131211	0.023982	0.056228	-0.028712	-0.045145	0.009748	-0.148076	-0.034860	0.013082	0.045711	-0.036632	0.040995	-0.246898	-0.091903	0.066832
0.000000	-0.108958	0.114959	-0.065882	-0.144959	-0.061712	0.011588	-0.065853	-0.000686	0.098337	-1.488246	0.058004	-0.029840	-0.085865	0.107184	0.010465	0.109127	-0.114161	-0.034082	-0.026177	-0.046400	0.006504	0.226233	0.137537	0.006091	-0.212016	-0.055444	0.043059	-0.108234	-0.042635	0.015249	-0.010474	0.246329	-0.150704	0.031588	-0.911003	0.079002	-0.031893	0.047537	-0.057506	0.046020	0.030581	-0.176533	-0.089750	0.043961	0.089397	0.104578	0.209802	0.113270	-0.085184	0.072892	0.073756	-0.131697	0.003022	-0.060632	-0.143894	0.206084	-0.015188	0.153330	0.146729	0.011699	0.152965	-0.000814	0.142695	0.090930	-0.093183	-0.336520	0.069172	0.038787	-0.007845	-0.063365	0.056956	0.029053	-0.015538	0.151565	-0.028583	0.011656	0.117747	0.096601	-0.160372	-0.079763	-0.120803	-0.009731	0.197937	0.050149	0.062126	0.049527	-0.141457	0.178626	0.035877	0.077837	-0.141589	0.137590	-0.228510	-0.138264	-0.021225	0.043994	-0.233765	-0.007467	0.006722	-0.275585	0.038513	0.011503	-0.036987	-0.078131	-0.069672	-0.032405	0.156133	0.073642	-0.170697	0.106106	-0.032748	-0.081683	-0.104160	-0.233296	0.090397	0.116528	-0.127200	0.045744	0.066464	-0.205263	-0.083679	-0.108774	0.086439	0.109608	-0.050101	-0.027359	0.050818	0.114113	0.078630	0.041888	0.082736	0.103982	0.070594	0.039300	-0.049748	0.008264	0.006355	-0.078387	-0.041898	0.159878	-0.065159	0.091059	0.021772	0.144726	-0.342448	-0.044179	0.042778	0.016086	-0.062063	-0.009125	0.058398	-0.003159	0.087019	0.029565	0.227453	0.003717	-0.066992	-0.059145	0.097709	-0.066613	0.103751	-0.152509	-0.013172	-0.048426	0.011427	0.088341	-0.010403	0.151038	0.071901	0.066645	0.011776	0.012905	-0.470046	0.010943	-0.020028	0.007286	-0.079253	0.102357	0.063474	0.239717	0.094514	0.090582	0.144065	-0.013321	-0.040600	-0.045840	-0.115696	0.113932	0.114464	0.098326	-0.034557	0.118937	0.066058	-0.081890	-0.004852	-0.149410	-0.043560	0.012973	0.021290	-0.088809	0.945236	-0.074323	0.084164	0.084782	0.090945	0.001662	-0.013625	0.073527	-0.070552	-0.129804	-0.101569	-0.028521	0.061906	0.043308	0.038646	0.050981	0.076325	0.027860	-0.013964	0.034908	0.257432	-0.049767	-0.154394	0.028660	-0.000506	0.032325	0.129923	-0.003558	-0.040174	-0.049166	0.003275	0.019248	-0.018673	-0.171708	0.070049	0.124007	0.030988	0.067131	-0.099738	0.069094	-0.016273	0.025454	0.209153	0.125581	-0.471755	-0.060820	0.178712	0.016710	-0.035681	-0.050674	0.076958	-0.127782	-0.035142	0.000947	0.365299	0.071860	-0.045667	-0.094522	0.081662	0.038996	-0.020435	-0.145617	0.059900	0.026987	-0.055901	0.008111	-0.099358	-0.092418	0.094379	0.100940	-0.058973	-0.111665	0.094832	0.096196	0.028833	0.039921	-1.888106	-0.014243	0.281347	0.050075	-0.176099	0.025664	0.043199	-0.008286	-0.072768	0.185790	-0.017627	0.112739	-0.014823	-0.043205	-0.005049	-0.186918	-0.001526	0.007710	0.106657	0.017565	0.066816	-0.241278	-0.105970	0.086413
0.000000	-0.079591	0.146924	-0.011209	-0.134126	-0.036303	0.027665	-0.044527	0.052930	0.061449	-1.462015	0.017191	-0.029954	-0.077784	0.201363	0.002958	0.076296	-0.068497	-0.005727	-0.075690	-0.031048	-0.031509	0.248734	0.176181	0.081972	-0.192898	-0.061085	0.024695	-0.136523	-0.063248	-0.014189	-0.044004	0.258632	-0.191541	0.099803	-0.867617	0.097392	-0.032151	0.007356	0.019645	0.023109	0.014873	-0.138304	-0.068891	0.137525	0.050048	0.099909	0.095968	0.149282	-0.135133	0.088247	0.098527	-0.153915	0.054651	-0.025478	-0.092971	0.229454	-0.039271	0.188976	0.178338	0.004189	0.131725	-0.036949	0.200626	0.037853	-0.166556	-0.350511	0.021862	-0.012194	-0.029826	-0.055512	0.125632	0.038374	-0.005462	0.045284	-0.047391	-0.015308	0.187162	0.100536	-0.196979	-0.039196	-0.143666	0.033069	0.148557	0.100093	0.138550	0.043983	-0.125966	0.140975	0.065283	0.086063	-0.095038	0.127121	-0.223516	-0.103051	0.013758	0.086253	-0.186137	0.010479	-0.020460	-0.195638	0.042128	-0.012911	-0.011970	-0.078416	-0.056046	-0.038626	0.065914	0.127917	-0.131656	0.107128	-0.002420	-0.031637	-0.064834	-0.216363	0.095660	0.040377	-0.091175	-0.031558	0.055646	-0.224922	-0.102236	-0.104238	0.107272	0.104388	-0.039561	-0.053888	0.006313	0.113302	0.035931	0.087945	0.058344	0.146789	0.028710	0.025615	-0.080686	0.016302	0.000908	-0.056343	-0.024293	0.142479	-0.054561	0.134237	0.027344	0.105017	-0.285790	-0.050043	0.029756	0.015606	-0.061237	-0.026127	0.110245	-0.034310	0.096164	-0.007031	0.189596	-0.016905	-0.091385	-0.063740	0.067090	-0.098298	0.106419	-0.183428	0.007649	-0.034367	0.030278	0.121366	-0.048789	0.068446	0.070871	0.067657	0.043075	0.028503	-0.473049	-0.002846	-0.060682	0.019261	-0.058841	0.088323	0.057458	0.258343	0.121000	0.112773	0.109025	-0.008110	-0.006872	-0.056635	-0.069432	0.078004	0.050967	0.131879	-0.043298	0.172536	-0.016083	-0.110073	-0.005375	-0.143059	-0.120530	0.003975	-0.040363	-0.072455	0.862617	-0.074368	0.077767	0.049078	0.070854	0.010464	-0.000023	0.085464	-0.023232	-0.135270	-0.039662	0.033663	0.017884	0.025232	0.043995	0.083773	0.163803	0.028650	0.022230	0.030056	0.265431	-0.110803	-0.180056	0.017353	-0.047023	0.025582	0.121874	-0.049447	-0.033298	-0.031270	-0.016782	0.012703	-0.065084	-0.093436	0.142502	0.130210	0.045610	0.007883	-0.120315	0.138737	-0.081339	0.062092	0.217241	0.114552	-0.560650	-0.030779	0.116893	-0.012908	-0.077152	-0.028626	0.148195	-0.118948	-0.029372	-0.000884	0.306232	0.061352	-0.084292	-0.083328	0.059362	0.085315	-0.073222	-0.149125	-0.003436	0.009479	-0.103191	-0.000433	-0.051703	-0.043000	0.088057	0.064373	-0.053972	-0.129320	0.070008	0.075680	0.002596	0.084189	-1.809843	0.008465	0.247117	0.056612	-0.187689	0.055870	0.007531	-0.008474	-0.017776	0.157006	0.006454	0.047036	0.033184	-0.004948	-0.016023	-0.222782	0.010166	0.080146	0.068663	0.036800	0.001554	-0.273467	-0.103838	0.041094
1.000000	-0.084114	0.162495	-0.019405	-0.082736	-0.088866	0.032292	-0.071306	0.020942	0.042781	-1.413089	0.072310	-0.052713	-0.129322	0.169445	0.009508	0.112509	-0.131946	-0.000567	0.015758	0.030166	0.048761	0.272338	0.140279	0.042911	-0.218469	-0.054252	0.019211	-0.114761	-0.063259	-0.040302	-0.069143	0.259535	-0.192033	0.032161	-0.869000	0.131840	-0.027100	0.003842	-0.093052	0.053337	0.015173	-0.177443	-0.072507	0.098028	0.083165	0.121980	0.247937	0.139767	-0.096190	0.084033	0.036182	-0.121833	0.050473	-0.048390	-0.133844	0.192779	-0.010964	0.176767	0.147595	-0.020870	0.201104	-0.010447	0.165803	0.063702	-0.068766	-0.312111	0.032453	0.059789	0.012031	-0.040555	0.077580	0.043880	0.007251	0.114750	-0.077823	-0.026266	0.154636	0.134651	-0.200865	-0.051907	-0.143703	-0.014796	0.219373	-0.001967	0.087951	0.042188	-0.129928	0.210479	0.012773	0.052249	-0.126551	0.153003	-0.191005	-0.161837	-0.018666	0.065412	-0.233624	0.038464	-0.042649	-0.237522	0.060811	-0.027079	-0.000122	-0.105820	-0.146937	-0.040477	0.101164	0.108591	-0.181481	0.136123	-0.003668	-0.108896	-0.101476	-0.290943	0.110296	0.093196	-0.142700	0.023685	0.046484	-0.182176	-0.064576	-0.126486	0.125020	0.066473	-0.045768	-0.090734	0.073782	0.119396	0.032639	0.085381	0.082927	0.127343	0.058221	0.010861	-0.045646	-0.019977	0.014771	-0.024725	-0.042392	0.203516	-0.053742	0.152565	0.047253	0.107674	-0.355746	-0.062431	0.001184	-0.000675	-0.077771	0.011512	0.031474	-0.002396	0.076557	-0.000575	0.183370	-0.022454	-0.056716	-0.049402	0.094353	-0.099144	0.106465	-0.142667	-0.030483	-0.055013	-0.022182	0.133102	-0.004072	0.119657	0.076614	0.025048	0.039105	-0.008816	-0.496177	0.021536	-0.086764	0.012048	-0.073008	0.069675	0.032256	0.201069	0.114746	0.120819	0.148942	-0.072958	-0.032107	-0.099119	-0.066052	0.107253	0.106497	0.108517	-0.023688	0.178557	0.020435	-0.070366	-0.013176	-0.111883	-0.066044	-0.027891	0.027317	-0.062105	0.989639	-0.130728	0.101667	0.056515	0.073275	0.028196	-0.042709	0.069966	-0.036333	-0.152837	-0.111961	-0.016779	0.060151	0.028748	0.030628	0.106160	0.094273	0.006024	-0.020060	0.013069	0.216921	-0.047078	-0.198913	0.042904	0.004947	0.006624	0.122022	0.019444	-0.062160	-0.031271	0.009532	0.024643	-0.038949	-0.159817	0.129933	0.134577	0.086312	0.060114	-0.113635	0.075242	-0.028947	0.010636	0.219325	0.048684	-0.549654	-0.064720	0.119936	0.031664	-0.034350	-0.111416	0.108242	-0.114460	-0.038241	0.002887	0.292349	0.062027	-0.044546	-0.133902	0.027805	0.031569	0.018787	-0.142751	0.068586	-0.004116	-0.040307	-0.023834	-0.073836	-0.043919	0.131710	0.108418	-0.059294	-0.155286	0.075365	0.154135	0.024423	0.100492	-1.759654	-0.034685	0.182100	0.063803	-0.165014	0.000719	-0.001613	-0.016887	-0.083973	0.164568	-0.002463	0.061691	0.011606	-0.036874	-0.013412	-0.179724	0.000502	-0.000031	0.061235	-0.024603	0.118232	-0.220217	-0.079859	0.106576
